Frequency_Hz,THD_%
100000,0.060179
500000,0.062525
1000000,0.060912
2000000,0.059417
3000000,0.05779
5000000,0.0459
